,Default Params,Tuned Params
LogR,0.8098425128463,0.8192658913530605
knn,0.7168888192093441,Takes too long
rfc,0.7757775145989285,0.8462978738187573
gbc,0.868585127643474,0.7670713108281271
